id;document_type;file_content_type;file_name;file_url;created_date;modified_date;deleted;status
1;OTHERS;pish rudely where;what while;fully;2025-06-13T04:06:07;2025-06-13T16:00:07;false;annually
2;SIGNED_POA;forgery;worldly uh-huh ah;um mid;2025-06-13T01:08:34;2025-06-12T22:51:53;false;verve
3;ADDRESS_PROOF;nicely disgorge;oddly outside jubilantly;qua about behind;2025-06-12T19:42:28;2025-06-13T02:44:15;true;taut
4;OTHERS;fathom after;gah;misguided willing;2025-06-13T06:44:25;2025-06-12T20:41:26;false;decide boldly
5;SIGNED_POA;gracious;rapid wherever;amid following;2025-06-12T19:59:24;2025-06-13T13:42:41;true;deployment ultimately
6;OTHERS;overload doubter mill;solemnly;vaguely out;2025-06-12T21:02:20;2025-06-13T02:39:32;true;per thunderbolt
7;LOGO;divert yet about;noon lean while;beyond gallery weakly;2025-06-13T11:43:02;2025-06-13T06:38:24;true;to alongside as
8;SIGNED_POA;accidentally;lest;sleepily;2025-06-13T02:58:08;2025-06-13T14:32:50;false;gloom oh
9;OTHERS;as darn;supportive;than retool;2025-06-13T05:30:58;2025-06-12T17:57:22;true;rosy illustrious
10;OTHERS;reapply viciously;accurate minus oof;zowie;2025-06-12T23:02:32;2025-06-12T23:28:50;true;slipper elevator
