id;event_type;page_name;device_type;created_date;deleted;modified_date
1;astride;instantly acidly;oof shakily tenant;2026-01-12T00:49:45;false;2026-01-11T14:59:32
2;finally formamide and;as;cop-out babyish;2026-01-11T14:24:07;false;2026-01-11T22:30:40
3;lace smoothly;asset;shovel abnormally border;2026-01-12T09:17:47;false;2026-01-11T22:40:30
4;tedious whereas;recount;gee boohoo;2026-01-12T04:18:12;false;2026-01-12T09:26:35
5;ew emergent;castanet pish defiantly;unlike yum;2026-01-12T07:59:05;true;2026-01-12T01:57:04
6;quarrelsomely intent orientate;fiddle;well till;2026-01-12T04:07:10;false;2026-01-11T11:29:14
7;whereas by anaesthetise;yippee fully if;flawed;2026-01-11T12:00:59;false;2026-01-12T00:50:08
8;ribbon horn;briskly denitrify;dampen;2026-01-12T05:18:35;true;2026-01-11T22:18:37
9;beside;sonnet;simple;2026-01-11T11:28:43;false;2026-01-11T14:37:43
10;voluminous;mom colligate apud;per;2026-01-11T19:33:57;true;2026-01-12T10:06:26
